dataset_item_id,route,latency_ms,total_latency_ms,queueing_time_ms,inference_time_ms,exact_match,ground_truth,answer,job_start_ts,inference_start_ts,inference_end_ts,prompt,number_of_words,number_of_characters,experiment_start_time_ms,experiment_end_time_ms,dataset_name,route_strategy,pattern,device_model,cloud_model
0,device,2871.80,2874.00,2.00,2872.00,0,"fugiat","alicia",1769860339638,1769860339640,1769860342512,"Task: Determine the last word of the provided text and return it.
                                        Instructions: Answer with ONLY the last word. Do not provide any explanation or additional text.
                                        Text: Lorem ipsum dolor sit amet, consectetur adipisicing elit, sed do eiusmod tempor incididunt ut labore et dolore magna aliqua. Ut enim ad minim veniam, quis nostrud exercitation ullamco laboris nisi ut aliquip ex ea commodo consequat. Duis aute irure dolor in reprehenderit in voluptate velit esse cillum dolore eu fugiat
                                        ",78,609,0,1769863944564,lorem_ipsum_dataset,always_device,once-per-sec,onnx-community/Llama-3.2-1B-Instruct-ONNX,meta-llama/llama-3.2-1b-instruct
0,device,1113.70,2526.00,1413.00,1113.00,0,"fugiat","alicia",1769860341118,1769860342531,1769860343644,"Task: Determine the last word of the provided text and return it.
                                        Instructions: Answer with ONLY the last word. Do not provide any explanation or additional text.
                                        Text: Lorem ipsum dolor sit amet, consectetur adipisicing elit, sed do eiusmod tempor incididunt ut labore et dolore magna aliqua. Ut enim ad minim veniam, quis nostrud exercitation ullamco laboris nisi ut aliquip ex ea commodo consequat. Duis aute irure dolor in reprehenderit in voluptate velit esse cillum dolore eu fugiat
                                        ",78,609,0,1769863944564,lorem_ipsum_dataset,always_device,once-per-sec,onnx-community/Llama-3.2-1B-Instruct-ONNX,meta-llama/llama-3.2-1b-instruct
1,device,1795.80,3312.00,1516.00,1796.00,0,"nobis","deserunt",1769860342143,1769860343659,1769860345455,"Task: Determine the last word of the provided text and return it.
                                        Instructions: Answer with ONLY the last word. Do not provide any explanation or additional text.
                                        Text: Lorem ipsum dolor sit amet, consectetur adipisicing elit, sed do eiusmod tempor incididunt ut labore et dolore magna aliqua. Ut enim ad minim veniam, quis nostrud exercitation ullamco laboris nisi ut aliquip ex ea commodo consequat. Duis aute irure dolor in reprehenderit in voluptate velit esse cillum dolore eu fugiat nulla pariatur. Excepteur sint occaecat cupidatat non proident, sunt in culpa qui officia deserunt mollit anim id est laborum. Impedit iure voluptate repellendus, at vitae illum voluptatibus libero maxime nostrum? Mollitia ipsum necessitatibus voluptates consequatur aperiam eaque tempora soluta atque dolores voluptatibus, necessitatibus vel animi corporis eaque explicabo sed nobis
                                        ",128,993,0,1769863944564,lorem_ipsum_dataset,always_device,once-per-sec,onnx-community/Llama-3.2-1B-Instruct-ONNX,meta-llama/llama-3.2-1b-instruct
2,device,2184.50,4507.00,2323.00,2184.00,0,"possimus","labore",1769860343146,1769860345469,1769860347653,"Task: Determine the last word of the provided text and return it.
                                        Instructions: Answer with ONLY the last word. Do not provide any explanation or additional text.
                                        Text: Lorem ipsum dolor sit amet, consectetur adipisicing elit, sed do eiusmod tempor incididunt ut labore et dolore magna aliqua. Ut enim ad minim veniam, quis nostrud exercitation ullamco laboris nisi ut aliquip ex ea commodo consequat. Duis aute irure dolor in reprehenderit in voluptate velit esse cillum dolore eu fugiat nulla pariatur. Excepteur sint occaecat cupidatat non proident, sunt in culpa qui officia deserunt mollit anim id est laborum. Impedit iure voluptate repellendus, at vitae illum voluptatibus libero maxime nostrum? Mollitia ipsum necessitatibus voluptates consequatur aperiam eaque tempora soluta atque dolores voluptatibus, necessitatibus vel animi corporis eaque explicabo sed nobis nihil perferendis exercitationem, asperiores quasi harum, impedit cumque quos, vel atque mollitia vero? Voluptas quibusdam ab dolorum quidem qui sequi tempora aliquid, recusandae rerum ipsum neque, qui nesciunt amet eaque molestiae, quasi aliquid dolore earum. Laudantium ipsum ab consequatur iure autem at esse amet quia nesciunt, nisi temporibus unde possimus
                                        ",178,1355,0,1769863944564,lorem_ipsum_dataset,always_device,once-per-sec,onnx-community/Llama-3.2-1B-Instruct-ONNX,meta-llama/llama-3.2-1b-instruct
3,device,2624.60,6142.00,3517.00,2625.00,0,"soluta","ut",1769860344150,1769860347667,1769860350292,"Task: Determine the last word of the provided text and return it.
                                        Instructions: Answer with ONLY the last word. Do not provide any explanation or additional text.
                                        Text: Lorem ipsum dolor sit amet, consectetur adipisicing elit, sed do eiusmod tempor incididunt ut labore et dolore magna aliqua. Ut enim ad minim veniam, quis nostrud exercitation ullamco laboris nisi ut aliquip ex ea commodo consequat. Duis aute irure dolor in reprehenderit in voluptate velit esse cillum dolore eu fugiat nulla pariatur. Excepteur sint occaecat cupidatat non proident, sunt in culpa qui officia deserunt mollit anim id est laborum. Impedit iure voluptate repellendus, at vitae illum voluptatibus libero maxime nostrum? Mollitia ipsum necessitatibus voluptates consequatur aperiam eaque tempora soluta atque dolores voluptatibus, necessitatibus vel animi corporis eaque explicabo sed nobis nihil perferendis exercitationem, asperiores quasi harum, impedit cumque quos, vel atque mollitia vero? Voluptas quibusdam ab dolorum quidem qui sequi tempora aliquid, recusandae rerum ipsum neque, qui nesciunt amet eaque molestiae, quasi aliquid dolore earum. Laudantium ipsum ab consequatur iure autem at esse amet quia nesciunt, nisi temporibus unde possimus aperiam, placeat deserunt eaque adipisci laboriosam illum ipsum sunt perspiciatis numquam itaque? Quos deleniti voluptatem nulla porro quas at a velit dolore, mollitia eos sit excepturi nam esse labore magni, deserunt quasi consequuntur repudiandae officia eum unde dolor nesciunt, cupiditate dolorem vitae voluptate porro at fuga blanditiis quia? Eius soluta
                                        ",228,1715,0,1769863944564,lorem_ipsum_dataset,always_device,once-per-sec,onnx-community/Llama-3.2-1B-Instruct-ONNX,meta-llama/llama-3.2-1b-instruct
4,device,3619.30,8761.00,5141.00,3620.00,0,"id","desperat",1769860345162,1769860350303,1769860353923,"Task: Determine the last word of the provided text and return it.
                                        Instructions: Answer with ONLY the last word. Do not provide any explanation or additional text.
                                        Text: Lorem ipsum dolor sit amet, consectetur adipisicing elit, sed do eiusmod tempor incididunt ut labore et dolore magna aliqua. Ut enim ad minim veniam, quis nostrud exercitation ullamco laboris nisi ut aliquip ex ea commodo consequat. Duis aute irure dolor in reprehenderit in voluptate velit esse cillum dolore eu fugiat nulla pariatur. Excepteur sint occaecat cupidatat non proident, sunt in culpa qui officia deserunt mollit anim id est laborum. Impedit iure voluptate repellendus, at vitae illum voluptatibus libero maxime nostrum? Mollitia ipsum necessitatibus voluptates consequatur aperiam eaque tempora soluta atque dolores voluptatibus, necessitatibus vel animi corporis eaque explicabo sed nobis nihil perferendis exercitationem, asperiores quasi harum, impedit cumque quos, vel atque mollitia vero? Voluptas quibusdam ab dolorum quidem qui sequi tempora aliquid, recusandae rerum ipsum neque, qui nesciunt amet eaque molestiae, quasi aliquid dolore earum. Laudantium ipsum ab consequatur iure autem at esse amet quia nesciunt, nisi temporibus unde possimus aperiam, placeat deserunt eaque adipisci laboriosam illum ipsum sunt perspiciatis numquam itaque? Quos deleniti voluptatem nulla porro quas at a velit dolore, mollitia eos sit excepturi nam esse labore magni, deserunt quasi consequuntur repudiandae officia eum unde dolor nesciunt, cupiditate dolorem vitae voluptate porro at fuga blanditiis quia? Eius soluta esse est accusamus recusandae reprehenderit itaque natus eum fugiat, minima iure a laboriosam recusandae officia totam modi quia exercitationem eum, nisi asperiores quod, libero mollitia eius sequi fugiat inventore quam fugit quisquam repellendus neque a, ipsam voluptatibus doloribus laboriosam quod modi amet voluptatum quae accusamus necessitatibus neque? Vero adipisci id
                                        ",278,2091,0,1769863944564,lorem_ipsum_dataset,always_device,once-per-sec,onnx-community/Llama-3.2-1B-Instruct-ONNX,meta-llama/llama-3.2-1b-instruct
5,device,4510.10,12272.00,7762.00,4510.00,0,"quas","sunt",1769860346172,1769860353934,1769860358444,"Task: Determine the last word of the provided text and return it.
                                        Instructions: Answer with ONLY the last word. Do not provide any explanation or additional text.
                                        Text: Lorem ipsum dolor sit amet, consectetur adipisicing elit, sed do eiusmod tempor incididunt ut labore et dolore magna aliqua. Ut enim ad minim veniam, quis nostrud exercitation ullamco laboris nisi ut aliquip ex ea commodo consequat. Duis aute irure dolor in reprehenderit in voluptate velit esse cillum dolore eu fugiat nulla pariatur. Excepteur sint occaecat cupidatat non proident, sunt in culpa qui officia deserunt mollit anim id est laborum. Impedit iure voluptate repellendus, at vitae illum voluptatibus libero maxime nostrum? Mollitia ipsum necessitatibus voluptates consequatur aperiam eaque tempora soluta atque dolores voluptatibus, necessitatibus vel animi corporis eaque explicabo sed nobis nihil perferendis exercitationem, asperiores quasi harum, impedit cumque quos, vel atque mollitia vero? Voluptas quibusdam ab dolorum quidem qui sequi tempora aliquid, recusandae rerum ipsum neque, qui nesciunt amet eaque molestiae, quasi aliquid dolore earum. Laudantium ipsum ab consequatur iure autem at esse amet quia nesciunt, nisi temporibus unde possimus aperiam, placeat deserunt eaque adipisci laboriosam illum ipsum sunt perspiciatis numquam itaque? Quos deleniti voluptatem nulla porro quas at a velit dolore, mollitia eos sit excepturi nam esse labore magni, deserunt quasi consequuntur repudiandae officia eum unde dolor nesciunt, cupiditate dolorem vitae voluptate porro at fuga blanditiis quia? Eius soluta esse est accusamus recusandae reprehenderit itaque natus eum fugiat, minima iure a laboriosam recusandae officia totam modi quia exercitationem eum, nisi asperiores quod, libero mollitia eius sequi fugiat inventore quam fugit quisquam repellendus neque a, ipsam voluptatibus doloribus laboriosam quod modi amet voluptatum quae accusamus necessitatibus neque? Vero adipisci id veniam necessitatibus consequuntur error dolor, neque hic voluptatibus eos dolores libero ipsam id repellendus placeat, excepturi recusandae accusantium doloremque earum illum blanditiis dolor tempora rem reprehenderit. Magnam sit commodi voluptatem quis sunt saepe beatae, necessitatibus blanditiis eum quos unde est iure ipsa obcaecati sint vel ducimus, mollitia vitae facere quas
                                        ",328,2474,0,1769863944564,lorem_ipsum_dataset,always_device,once-per-sec,onnx-community/Llama-3.2-1B-Instruct-ONNX,meta-llama/llama-3.2-1b-instruct
6,device,5824.90,17110.00,11285.00,5825.00,0,"architecto","labore",1769860347173,1769860358458,1769860364283,"Task: Determine the last word of the provided text and return it.
                                        Instructions: Answer with ONLY the last word. Do not provide any explanation or additional text.
                                        Text: Lorem ipsum dolor sit amet, consectetur adipisicing elit, sed do eiusmod tempor incididunt ut labore et dolore magna aliqua. Ut enim ad minim veniam, quis nostrud exercitation ullamco laboris nisi ut aliquip ex ea commodo consequat. Duis aute irure dolor in reprehenderit in voluptate velit esse cillum dolore eu fugiat nulla pariatur. Excepteur sint occaecat cupidatat non proident, sunt in culpa qui officia deserunt mollit anim id est laborum. Impedit iure voluptate repellendus, at vitae illum voluptatibus libero maxime nostrum? Mollitia ipsum necessitatibus voluptates consequatur aperiam eaque tempora soluta atque dolores voluptatibus, necessitatibus vel animi corporis eaque explicabo sed nobis nihil perferendis exercitationem, asperiores quasi harum, impedit cumque quos, vel atque mollitia vero? Voluptas quibusdam ab dolorum quidem qui sequi tempora aliquid, recusandae rerum ipsum neque, qui nesciunt amet eaque molestiae, quasi aliquid dolore earum. Laudantium ipsum ab consequatur iure autem at esse amet quia nesciunt, nisi temporibus unde possimus aperiam, placeat deserunt eaque adipisci laboriosam illum ipsum sunt perspiciatis numquam itaque? Quos deleniti voluptatem nulla porro quas at a velit dolore, mollitia eos sit excepturi nam esse labore magni, deserunt quasi consequuntur repudiandae officia eum unde dolor nesciunt, cupiditate dolorem vitae voluptate porro at fuga blanditiis quia? Eius soluta esse est accusamus recusandae reprehenderit itaque natus eum fugiat, minima iure a laboriosam recusandae officia totam modi quia exercitationem eum, nisi asperiores quod, libero mollitia eius sequi fugiat inventore quam fugit quisquam repellendus neque a, ipsam voluptatibus doloribus laboriosam quod modi amet voluptatum quae accusamus necessitatibus neque? Vero adipisci id veniam necessitatibus consequuntur error dolor, neque hic voluptatibus eos dolores libero ipsam id repellendus placeat, excepturi recusandae accusantium doloremque earum illum blanditiis dolor tempora rem reprehenderit. Magnam sit commodi voluptatem quis sunt saepe beatae, necessitatibus blanditiis eum quos unde est iure ipsa obcaecati sint vel ducimus, mollitia vitae facere quas provident ea? Assumenda eius soluta fugiat quia similique eos sunt tempore nobis quasi ipsa, atque aliquam similique, ratione explicabo ad, sapiente explicabo placeat exercitationem repellendus, architecto facere aperiam ex dolores hic unde. Cupiditate magnam officiis nesciunt nihil, laudantium ex labore doloremque perferendis. Optio modi ullam dolorum quod iusto iste, architecto
                                        ",378,2857,0,1769863944564,lorem_ipsum_dataset,always_device,once-per-sec,onnx-community/Llama-3.2-1B-Instruct-ONNX,meta-llama/llama-3.2-1b-instruct
7,device,7505.50,23623.00,16117.00,7506.00,0,"consequatur","sit",1769860348178,1769860364295,1769860371801,"Task: Determine the last word of the provided text and return it.
                                        Instructions: Answer with ONLY the last word. Do not provide any explanation or additional text.
                                        Text: Lorem ipsum dolor sit amet, consectetur adipisicing elit, sed do eiusmod tempor incididunt ut labore et dolore magna aliqua. Ut enim ad minim veniam, quis nostrud exercitation ullamco laboris nisi ut aliquip ex ea commodo consequat. Duis aute irure dolor in reprehenderit in voluptate velit esse cillum dolore eu fugiat nulla pariatur. Excepteur sint occaecat cupidatat non proident, sunt in culpa qui officia deserunt mollit anim id est laborum. Impedit iure voluptate repellendus, at vitae illum voluptatibus libero maxime nostrum? Mollitia ipsum necessitatibus voluptates consequatur aperiam eaque tempora soluta atque dolores voluptatibus, necessitatibus vel animi corporis eaque explicabo sed nobis nihil perferendis exercitationem, asperiores quasi harum, impedit cumque quos, vel atque mollitia vero? Voluptas quibusdam ab dolorum quidem qui sequi tempora aliquid, recusandae rerum ipsum neque, qui nesciunt amet eaque molestiae, quasi aliquid dolore earum. Laudantium ipsum ab consequatur iure autem at esse amet quia nesciunt, nisi temporibus unde possimus aperiam, placeat deserunt eaque adipisci laboriosam illum ipsum sunt perspiciatis numquam itaque? Quos deleniti voluptatem nulla porro quas at a velit dolore, mollitia eos sit excepturi nam esse labore magni, deserunt quasi consequuntur repudiandae officia eum unde dolor nesciunt, cupiditate dolorem vitae voluptate porro at fuga blanditiis quia? Eius soluta esse est accusamus recusandae reprehenderit itaque natus eum fugiat, minima iure a laboriosam recusandae officia totam modi quia exercitationem eum, nisi asperiores quod, libero mollitia eius sequi fugiat inventore quam fugit quisquam repellendus neque a, ipsam voluptatibus doloribus laboriosam quod modi amet voluptatum quae accusamus necessitatibus neque? Vero adipisci id veniam necessitatibus consequuntur error dolor, neque hic voluptatibus eos dolores libero ipsam id repellendus placeat, excepturi recusandae accusantium doloremque earum illum blanditiis dolor tempora rem reprehenderit. Magnam sit commodi voluptatem quis sunt saepe beatae, necessitatibus blanditiis eum quos unde est iure ipsa obcaecati sint vel ducimus, mollitia vitae facere quas provident ea? Assumenda eius soluta fugiat quia similique eos sunt tempore nobis quasi ipsa, atque aliquam similique, ratione explicabo ad, sapiente explicabo placeat exercitationem repellendus, architecto facere aperiam ex dolores hic unde. Cupiditate magnam officiis nesciunt nihil, laudantium ex labore doloremque perferendis. Optio modi ullam dolorum quod iusto iste, architecto est laboriosam amet quisquam inventore, architecto consequatur aliquam reprehenderit, vitae suscipit corporis enim perferendis accusantium magni excepturi, dolores similique dolorem ipsum officiis? Amet optio voluptatem at dolorem cum rerum accusantium vitae dolorum itaque, nostrum distinctio vero temporibus placeat laboriosam nemo nam quidem, quo sunt similique culpa ipsum accusantium. Eos consequatur
                                        ",428,3263,0,1769863944564,lorem_ipsum_dataset,always_device,once-per-sec,onnx-community/Llama-3.2-1B-Instruct-ONNX,meta-llama/llama-3.2-1b-instruct
8,device,9677.00,32305.00,22628.00,9677.00,0,"omnis","satisfaciat.",1769860349185,1769860371813,1769860381490,"Task: Determine the last word of the provided text and return it.
                                        Instructions: Answer with ONLY the last word. Do not provide any explanation or additional text.
                                        Text: Lorem ipsum dolor sit amet, consectetur adipisicing elit, sed do eiusmod tempor incididunt ut labore et dolore magna aliqua. Ut enim ad minim veniam, quis nostrud exercitation ullamco laboris nisi ut aliquip ex ea commodo consequat. Duis aute irure dolor in reprehenderit in voluptate velit esse cillum dolore eu fugiat nulla pariatur. Excepteur sint occaecat cupidatat non proident, sunt in culpa qui officia deserunt mollit anim id est laborum. Impedit iure voluptate repellendus, at vitae illum voluptatibus libero maxime nostrum? Mollitia ipsum necessitatibus voluptates consequatur aperiam eaque tempora soluta atque dolores voluptatibus, necessitatibus vel animi corporis eaque explicabo sed nobis nihil perferendis exercitationem, asperiores quasi harum, impedit cumque quos, vel atque mollitia vero? Voluptas quibusdam ab dolorum quidem qui sequi tempora aliquid, recusandae rerum ipsum neque, qui nesciunt amet eaque molestiae, quasi aliquid dolore earum. Laudantium ipsum ab consequatur iure autem at esse amet quia nesciunt, nisi temporibus unde possimus aperiam, placeat deserunt eaque adipisci laboriosam illum ipsum sunt perspiciatis numquam itaque? Quos deleniti voluptatem nulla porro quas at a velit dolore, mollitia eos sit excepturi nam esse labore magni, deserunt quasi consequuntur repudiandae officia eum unde dolor nesciunt, cupiditate dolorem vitae voluptate porro at fuga blanditiis quia? Eius soluta esse est accusamus recusandae reprehenderit itaque natus eum fugiat, minima iure a laboriosam recusandae officia totam modi quia exercitationem eum, nisi asperiores quod, libero mollitia eius sequi fugiat inventore quam fugit quisquam repellendus neque a, ipsam voluptatibus doloribus laboriosam quod modi amet voluptatum quae accusamus necessitatibus neque? Vero adipisci id veniam necessitatibus consequuntur error dolor, neque hic voluptatibus eos dolores libero ipsam id repellendus placeat, excepturi recusandae accusantium doloremque earum illum blanditiis dolor tempora rem reprehenderit. Magnam sit commodi voluptatem quis sunt saepe beatae, necessitatibus blanditiis eum quos unde est iure ipsa obcaecati sint vel ducimus, mollitia vitae facere quas provident ea? Assumenda eius soluta fugiat quia similique eos sunt tempore nobis quasi ipsa, atque aliquam similique, ratione explicabo ad, sapiente explicabo placeat exercitationem repellendus, architecto facere aperiam ex dolores hic unde. Cupiditate magnam officiis nesciunt nihil, laudantium ex labore doloremque perferendis. Optio modi ullam dolorum quod iusto iste, architecto est laboriosam amet quisquam inventore, architecto consequatur aliquam reprehenderit, vitae suscipit corporis enim perferendis accusantium magni excepturi, dolores similique dolorem ipsum officiis? Amet optio voluptatem at dolorem cum rerum accusantium vitae dolorum itaque, nostrum distinctio vero temporibus placeat laboriosam nemo nam quidem, quo sunt similique culpa ipsum accusantium. Eos consequatur aliquam enim mollitia accusamus commodi, necessitatibus dicta eaque vel eum quis praesentium molestiae fugiat accusantium quisquam aut, sunt aspernatur corrupti, deleniti dolores repellat nulla saepe modi, itaque architecto minus? Repudiandae quod quibusdam delectus distinctio, magni numquam quaerat nulla minus repellat, perferendis fugiat facere in rem dolorem similique tenetur ad omnis
                                        ",478,3654,0,1769863944564,lorem_ipsum_dataset,always_device,once-per-sec,onnx-community/Llama-3.2-1B-Instruct-ONNX,meta-llama/llama-3.2-1b-instruct
9,device,11141.50,42442.00,31301.00,11141.00,0,"temporibus","labourum",1769860350202,1769860381503,1769860392644,"Task: Determine the last word of the provided text and return it.
                                        Instructions: Answer with ONLY the last word. Do not provide any explanation or additional text.
                                        Text: Lorem ipsum dolor sit amet, consectetur adipisicing elit, sed do eiusmod tempor incididunt ut labore et dolore magna aliqua. Ut enim ad minim veniam, quis nostrud exercitation ullamco laboris nisi ut aliquip ex ea commodo consequat. Duis aute irure dolor in reprehenderit in voluptate velit esse cillum dolore eu fugiat nulla pariatur. Excepteur sint occaecat cupidatat non proident, sunt in culpa qui officia deserunt mollit anim id est laborum. Impedit iure voluptate repellendus, at vitae illum voluptatibus libero maxime nostrum? Mollitia ipsum necessitatibus voluptates consequatur aperiam eaque tempora soluta atque dolores voluptatibus, necessitatibus vel animi corporis eaque explicabo sed nobis nihil perferendis exercitationem, asperiores quasi harum, impedit cumque quos, vel atque mollitia vero? Voluptas quibusdam ab dolorum quidem qui sequi tempora aliquid, recusandae rerum ipsum neque, qui nesciunt amet eaque molestiae, quasi aliquid dolore earum. Laudantium ipsum ab consequatur iure autem at esse amet quia nesciunt, nisi temporibus unde possimus aperiam, placeat deserunt eaque adipisci laboriosam illum ipsum sunt perspiciatis numquam itaque? Quos deleniti voluptatem nulla porro quas at a velit dolore, mollitia eos sit excepturi nam esse labore magni, deserunt quasi consequuntur repudiandae officia eum unde dolor nesciunt, cupiditate dolorem vitae voluptate porro at fuga blanditiis quia? Eius soluta esse est accusamus recusandae reprehenderit itaque natus eum fugiat, minima iure a laboriosam recusandae officia totam modi quia exercitationem eum, nisi asperiores quod, libero mollitia eius sequi fugiat inventore quam fugit quisquam repellendus neque a, ipsam voluptatibus doloribus laboriosam quod modi amet voluptatum quae accusamus necessitatibus neque? Vero adipisci id veniam necessitatibus consequuntur error dolor, neque hic voluptatibus eos dolores libero ipsam id repellendus placeat, excepturi recusandae accusantium doloremque earum illum blanditiis dolor tempora rem reprehenderit. Magnam sit commodi voluptatem quis sunt saepe beatae, necessitatibus blanditiis eum quos unde est iure ipsa obcaecati sint vel ducimus, mollitia vitae facere quas provident ea? Assumenda eius soluta fugiat quia similique eos sunt tempore nobis quasi ipsa, atque aliquam similique, ratione explicabo ad, sapiente explicabo placeat exercitationem repellendus, architecto facere aperiam ex dolores hic unde. Cupiditate magnam officiis nesciunt nihil, laudantium ex labore doloremque perferendis. Optio modi ullam dolorum quod iusto iste, architecto est laboriosam amet quisquam inventore, architecto consequatur aliquam reprehenderit, vitae suscipit corporis enim perferendis accusantium magni excepturi, dolores similique dolorem ipsum officiis? Amet optio voluptatem at dolorem cum rerum accusantium vitae dolorum itaque, nostrum distinctio vero temporibus placeat laboriosam nemo nam quidem, quo sunt similique culpa ipsum accusantium. Eos consequatur aliquam enim mollitia accusamus commodi, necessitatibus dicta eaque vel eum quis praesentium molestiae fugiat accusantium quisquam aut, sunt aspernatur corrupti, deleniti dolores repellat nulla saepe modi, itaque architecto minus? Repudiandae quod quibusdam delectus distinctio, magni numquam quaerat nulla minus repellat, perferendis fugiat facere in rem dolorem similique tenetur ad omnis sit. Nostrum placeat aut doloremque nisi reiciendis sed odit voluptas eligendi autem minus, omnis doloremque inventore, nam quo ut eaque doloremque ullam iste, ipsa quo odio quidem provident consequatur repellendus tenetur iure eaque sit. Minima omnis reprehenderit itaque dolor vero neque nisi nemo nobis eius, numquam repellendus accusantium laudantium temporibus
                                        ",528,4020,0,1769863944564,lorem_ipsum_dataset,always_device,once-per-sec,onnx-community/Llama-3.2-1B-Instruct-ONNX,meta-llama/llama-3.2-1b-instruct
10,device,13487.00,54928.00,41441.00,13487.00,0,"amet","satisfaciat.",1769860351217,1769860392658,1769860406145,"Task: Determine the last word of the provided text and return it.
                                        Instructions: Answer with ONLY the last word. Do not provide any explanation or additional text.
                                        Text: Lorem ipsum dolor sit amet, consectetur adipisicing elit, sed do eiusmod tempor incididunt ut labore et dolore magna aliqua. Ut enim ad minim veniam, quis nostrud exercitation ullamco laboris nisi ut aliquip ex ea commodo consequat. Duis aute irure dolor in reprehenderit in voluptate velit esse cillum dolore eu fugiat nulla pariatur. Excepteur sint occaecat cupidatat non proident, sunt in culpa qui officia deserunt mollit anim id est laborum. Impedit iure voluptate repellendus, at vitae illum voluptatibus libero maxime nostrum? Mollitia ipsum necessitatibus voluptates consequatur aperiam eaque tempora soluta atque dolores voluptatibus, necessitatibus vel animi corporis eaque explicabo sed nobis nihil perferendis exercitationem, asperiores quasi harum, impedit cumque quos, vel atque mollitia vero? Voluptas quibusdam ab dolorum quidem qui sequi tempora aliquid, recusandae rerum ipsum neque, qui nesciunt amet eaque molestiae, quasi aliquid dolore earum. Laudantium ipsum ab consequatur iure autem at esse amet quia nesciunt, nisi temporibus unde possimus aperiam, placeat deserunt eaque adipisci laboriosam illum ipsum sunt perspiciatis numquam itaque? Quos deleniti voluptatem nulla porro quas at a velit dolore, mollitia eos sit excepturi nam esse labore magni, deserunt quasi consequuntur repudiandae officia eum unde dolor nesciunt, cupiditate dolorem vitae voluptate porro at fuga blanditiis quia? Eius soluta esse est accusamus recusandae reprehenderit itaque natus eum fugiat, minima iure a laboriosam recusandae officia totam modi quia exercitationem eum, nisi asperiores quod, libero mollitia eius sequi fugiat inventore quam fugit quisquam repellendus neque a, ipsam voluptatibus doloribus laboriosam quod modi amet voluptatum quae accusamus necessitatibus neque? Vero adipisci id veniam necessitatibus consequuntur error dolor, neque hic voluptatibus eos dolores libero ipsam id repellendus placeat, excepturi recusandae accusantium doloremque earum illum blanditiis dolor tempora rem reprehenderit. Magnam sit commodi voluptatem quis sunt saepe beatae, necessitatibus blanditiis eum quos unde est iure ipsa obcaecati sint vel ducimus, mollitia vitae facere quas provident ea? Assumenda eius soluta fugiat quia similique eos sunt tempore nobis quasi ipsa, atque aliquam similique, ratione explicabo ad, sapiente explicabo placeat exercitationem repellendus, architecto facere aperiam ex dolores hic unde. Cupiditate magnam officiis nesciunt nihil, laudantium ex labore doloremque perferendis. Optio modi ullam dolorum quod iusto iste, architecto est laboriosam amet quisquam inventore, architecto consequatur aliquam reprehenderit, vitae suscipit corporis enim perferendis accusantium magni excepturi, dolores similique dolorem ipsum officiis? Amet optio voluptatem at dolorem cum rerum accusantium vitae dolorum itaque, nostrum distinctio vero temporibus placeat laboriosam nemo nam quidem, quo sunt similique culpa ipsum accusantium. Eos consequatur aliquam enim mollitia accusamus commodi, necessitatibus dicta eaque vel eum quis praesentium molestiae fugiat accusantium quisquam aut, sunt aspernatur corrupti, deleniti dolores repellat nulla saepe modi, itaque architecto minus? Repudiandae quod quibusdam delectus distinctio, magni numquam quaerat nulla minus repellat, perferendis fugiat facere in rem dolorem similique tenetur ad omnis sit. Nostrum placeat aut doloremque nisi reiciendis sed odit voluptas eligendi autem minus, omnis doloremque inventore, nam quo ut eaque doloremque ullam iste, ipsa quo odio quidem provident consequatur repellendus tenetur iure eaque sit. Minima omnis reprehenderit itaque dolor vero neque nisi nemo nobis eius, numquam repellendus accusantium laudantium temporibus sunt sequi voluptas unde, rem in reiciendis perferendis facilis modi, asperiores magnam perferendis dicta maxime doloribus animi odio perspiciatis modi eos. Eveniet accusantium dolores natus, blanditiis nobis ad impedit, eos quibusdam cupiditate at, quo cumque error beatae nulla placeat dolorem. Sequi asperiores velit quas eligendi ea ad nesciunt, tempora amet
                                        ",578,4383,0,1769863944564,lorem_ipsum_dataset,always_device,once-per-sec,onnx-community/Llama-3.2-1B-Instruct-ONNX,meta-llama/llama-3.2-1b-instruct
11,device,14709.30,68639.00,53930.00,14709.00,0,"Earum","um",1769860352227,1769860406157,1769860420866,"Task: Determine the last word of the provided text and return it.
                                        Instructions: Answer with ONLY the last word. Do not provide any explanation or additional text.
                                        Text: Lorem ipsum dolor sit amet, consectetur adipisicing elit, sed do eiusmod tempor incididunt ut labore et dolore magna aliqua. Ut enim ad minim veniam, quis nostrud exercitation ullamco laboris nisi ut aliquip ex ea commodo consequat. Duis aute irure dolor in reprehenderit in voluptate velit esse cillum dolore eu fugiat nulla pariatur. Excepteur sint occaecat cupidatat non proident, sunt in culpa qui officia deserunt mollit anim id est laborum. Impedit iure voluptate repellendus, at vitae illum voluptatibus libero maxime nostrum? Mollitia ipsum necessitatibus voluptates consequatur aperiam eaque tempora soluta atque dolores voluptatibus, necessitatibus vel animi corporis eaque explicabo sed nobis nihil perferendis exercitationem, asperiores quasi harum, impedit cumque quos, vel atque mollitia vero? Voluptas quibusdam ab dolorum quidem qui sequi tempora aliquid, recusandae rerum ipsum neque, qui nesciunt amet eaque molestiae, quasi aliquid dolore earum. Laudantium ipsum ab consequatur iure autem at esse amet quia nesciunt, nisi temporibus unde possimus aperiam, placeat deserunt eaque adipisci laboriosam illum ipsum sunt perspiciatis numquam itaque? Quos deleniti voluptatem nulla porro quas at a velit dolore, mollitia eos sit excepturi nam esse labore magni, deserunt quasi consequuntur repudiandae officia eum unde dolor nesciunt, cupiditate dolorem vitae voluptate porro at fuga blanditiis quia? Eius soluta esse est accusamus recusandae reprehenderit itaque natus eum fugiat, minima iure a laboriosam recusandae officia totam modi quia exercitationem eum, nisi asperiores quod, libero mollitia eius sequi fugiat inventore quam fugit quisquam repellendus neque a, ipsam voluptatibus doloribus laboriosam quod modi amet voluptatum quae accusamus necessitatibus neque? Vero adipisci id veniam necessitatibus consequuntur error dolor, neque hic voluptatibus eos dolores libero ipsam id repellendus placeat, excepturi recusandae accusantium doloremque earum illum blanditiis dolor tempora rem reprehenderit. Magnam sit commodi voluptatem quis sunt saepe beatae, necessitatibus blanditiis eum quos unde est iure ipsa obcaecati sint vel ducimus, mollitia vitae facere quas provident ea? Assumenda eius soluta fugiat quia similique eos sunt tempore nobis quasi ipsa, atque aliquam similique, ratione explicabo ad, sapiente explicabo placeat exercitationem repellendus, architecto facere aperiam ex dolores hic unde. Cupiditate magnam officiis nesciunt nihil, laudantium ex labore doloremque perferendis. Optio modi ullam dolorum quod iusto iste, architecto est laboriosam amet quisquam inventore, architecto consequatur aliquam reprehenderit, vitae suscipit corporis enim perferendis accusantium magni excepturi, dolores similique dolorem ipsum officiis? Amet optio voluptatem at dolorem cum rerum accusantium vitae dolorum itaque, nostrum distinctio vero temporibus placeat laboriosam nemo nam quidem, quo sunt similique culpa ipsum accusantium. Eos consequatur aliquam enim mollitia accusamus commodi, necessitatibus dicta eaque vel eum quis praesentium molestiae fugiat accusantium quisquam aut, sunt aspernatur corrupti, deleniti dolores repellat nulla saepe modi, itaque architecto minus? Repudiandae quod quibusdam delectus distinctio, magni numquam quaerat nulla minus repellat, perferendis fugiat facere in rem dolorem similique tenetur ad omnis sit. Nostrum placeat aut doloremque nisi reiciendis sed odit voluptas eligendi autem minus, omnis doloremque inventore, nam quo ut eaque doloremque ullam iste, ipsa quo odio quidem provident consequatur repellendus tenetur iure eaque sit. Minima omnis reprehenderit itaque dolor vero neque nisi nemo nobis eius, numquam repellendus accusantium laudantium temporibus sunt sequi voluptas unde, rem in reiciendis perferendis facilis modi, asperiores magnam perferendis dicta maxime doloribus animi odio perspiciatis modi eos. Eveniet accusantium dolores natus, blanditiis nobis ad impedit, eos quibusdam cupiditate at, quo cumque error beatae nulla placeat dolorem. Sequi asperiores velit quas eligendi ea ad nesciunt, tempora amet molestias quo dolores placeat totam rem sed, cumque eveniet obcaecati voluptatibus possimus error temporibus quibusdam consequuntur. Fuga ducimus laudantium unde quidem, quis reprehenderit sequi amet. Temporibus vitae blanditiis voluptatum, incidunt ipsam iste unde natus veniam neque consequuntur animi, consequuntur id quam enim unde praesentium neque atque recusandae ipsum quibusdam? Earum
                                        ",628,4777,0,1769863944564,lorem_ipsum_dataset,always_device,once-per-sec,onnx-community/Llama-3.2-1B-Instruct-ONNX,meta-llama/llama-3.2-1b-instruct
12,device,17024.00,84673.00,67649.00,17024.00,0,"ad","satisfaciat.",1769860353230,1769860420879,1769860437903,"Task: Determine the last word of the provided text and return it.
                                        Instructions: Answer with ONLY the last word. Do not provide any explanation or additional text.
                                        Text: Lorem ipsum dolor sit amet, consectetur adipisicing elit, sed do eiusmod tempor incididunt ut labore et dolore magna aliqua. Ut enim ad minim veniam, quis nostrud exercitation ullamco laboris nisi ut aliquip ex ea commodo consequat. Duis aute irure dolor in reprehenderit in voluptate velit esse cillum dolore eu fugiat nulla pariatur. Excepteur sint occaecat cupidatat non proident, sunt in culpa qui officia deserunt mollit anim id est laborum. Impedit iure voluptate repellendus, at vitae illum voluptatibus libero maxime nostrum? Mollitia ipsum necessitatibus voluptates consequatur aperiam eaque tempora soluta atque dolores voluptatibus, necessitatibus vel animi corporis eaque explicabo sed nobis nihil perferendis exercitationem, asperiores quasi harum, impedit cumque quos, vel atque mollitia vero? Voluptas quibusdam ab dolorum quidem qui sequi tempora aliquid, recusandae rerum ipsum neque, qui nesciunt amet eaque molestiae, quasi aliquid dolore earum. Laudantium ipsum ab consequatur iure autem at esse amet quia nesciunt, nisi temporibus unde possimus aperiam, placeat deserunt eaque adipisci laboriosam illum ipsum sunt perspiciatis numquam itaque? Quos deleniti voluptatem nulla porro quas at a velit dolore, mollitia eos sit excepturi nam esse labore magni, deserunt quasi consequuntur repudiandae officia eum unde dolor nesciunt, cupiditate dolorem vitae voluptate porro at fuga blanditiis quia? Eius soluta esse est accusamus recusandae reprehenderit itaque natus eum fugiat, minima iure a laboriosam recusandae officia totam modi quia exercitationem eum, nisi asperiores quod, libero mollitia eius sequi fugiat inventore quam fugit quisquam repellendus neque a, ipsam voluptatibus doloribus laboriosam quod modi amet voluptatum quae accusamus necessitatibus neque? Vero adipisci id veniam necessitatibus consequuntur error dolor, neque hic voluptatibus eos dolores libero ipsam id repellendus placeat, excepturi recusandae accusantium doloremque earum illum blanditiis dolor tempora rem reprehenderit. Magnam sit commodi voluptatem quis sunt saepe beatae, necessitatibus blanditiis eum quos unde est iure ipsa obcaecati sint vel ducimus, mollitia vitae facere quas provident ea? Assumenda eius soluta fugiat quia similique eos sunt tempore nobis quasi ipsa, atque aliquam similique, ratione explicabo ad, sapiente explicabo placeat exercitationem repellendus, architecto facere aperiam ex dolores hic unde. Cupiditate magnam officiis nesciunt nihil, laudantium ex labore doloremque perferendis. Optio modi ullam dolorum quod iusto iste, architecto est laboriosam amet quisquam inventore, architecto consequatur aliquam reprehenderit, vitae suscipit corporis enim perferendis accusantium magni excepturi, dolores similique dolorem ipsum officiis? Amet optio voluptatem at dolorem cum rerum accusantium vitae dolorum itaque, nostrum distinctio vero temporibus placeat laboriosam nemo nam quidem, quo sunt similique culpa ipsum accusantium. Eos consequatur aliquam enim mollitia accusamus commodi, necessitatibus dicta eaque vel eum quis praesentium molestiae fugiat accusantium quisquam aut, sunt aspernatur corrupti, deleniti dolores repellat nulla saepe modi, itaque architecto minus? Repudiandae quod quibusdam delectus distinctio, magni numquam quaerat nulla minus repellat, perferendis fugiat facere in rem dolorem similique tenetur ad omnis sit. Nostrum placeat aut doloremque nisi reiciendis sed odit voluptas eligendi autem minus, omnis doloremque inventore, nam quo ut eaque doloremque ullam iste, ipsa quo odio quidem provident consequatur repellendus tenetur iure eaque sit. Minima omnis reprehenderit itaque dolor vero neque nisi nemo nobis eius, numquam repellendus accusantium laudantium temporibus sunt sequi voluptas unde, rem in reiciendis perferendis facilis modi, asperiores magnam perferendis dicta maxime doloribus animi odio perspiciatis modi eos. Eveniet accusantium dolores natus, blanditiis nobis ad impedit, eos quibusdam cupiditate at, quo cumque error beatae nulla placeat dolorem. Sequi asperiores velit quas eligendi ea ad nesciunt, tempora amet molestias quo dolores placeat totam rem sed, cumque eveniet obcaecati voluptatibus possimus error temporibus quibusdam consequuntur. Fuga ducimus laudantium unde quidem, quis reprehenderit sequi amet. Temporibus vitae blanditiis voluptatum, incidunt ipsam iste unde natus veniam neque consequuntur animi, consequuntur id quam enim unde praesentium neque atque recusandae ipsum quibusdam? Earum magnam non illo explicabo, quaerat aperiam nam aliquam necessitatibus a laborum, similique quis veniam veritatis ipsa accusantium nesciunt est sunt dolorum explicabo necessitatibus, ipsam velit voluptate, eveniet neque repellendus nobis necessitatibus facere magnam. Quasi quisquam eum sequi voluptas quaerat explicabo quam distinctio itaque delectus, unde eveniet ipsam rem perferendis ad
                                        ",678,5167,0,1769863944564,lorem_ipsum_dataset,always_device,once-per-sec,onnx-community/Llama-3.2-1B-Instruct-ONNX,meta-llama/llama-3.2-1b-instruct
13,device,17510.60,101194.00,83683.00,17511.00,0,"at","sit",1769860354232,1769860437915,1769860455426,"Task: Determine the last word of the provided text and return it.
                                        Instructions: Answer with ONLY the last word. Do not provide any explanation or additional text.
                                        Text: Lorem ipsum dolor sit amet, consectetur adipisicing elit, sed do eiusmod tempor incididunt ut labore et dolore magna aliqua. Ut enim ad minim veniam, quis nostrud exercitation ullamco laboris nisi ut aliquip ex ea commodo consequat. Duis aute irure dolor in reprehenderit in voluptate velit esse cillum dolore eu fugiat nulla pariatur. Excepteur sint occaecat cupidatat non proident, sunt in culpa qui officia deserunt mollit anim id est laborum. Impedit iure voluptate repellendus, at vitae illum voluptatibus libero maxime nostrum? Mollitia ipsum necessitatibus voluptates consequatur aperiam eaque tempora soluta atque dolores voluptatibus, necessitatibus vel animi corporis eaque explicabo sed nobis nihil perferendis exercitationem, asperiores quasi harum, impedit cumque quos, vel atque mollitia vero? Voluptas quibusdam ab dolorum quidem qui sequi tempora aliquid, recusandae rerum ipsum neque, qui nesciunt amet eaque molestiae, quasi aliquid dolore earum. Laudantium ipsum ab consequatur iure autem at esse amet quia nesciunt, nisi temporibus unde possimus aperiam, placeat deserunt eaque adipisci laboriosam illum ipsum sunt perspiciatis numquam itaque? Quos deleniti voluptatem nulla porro quas at a velit dolore, mollitia eos sit excepturi nam esse labore magni, deserunt quasi consequuntur repudiandae officia eum unde dolor nesciunt, cupiditate dolorem vitae voluptate porro at fuga blanditiis quia? Eius soluta esse est accusamus recusandae reprehenderit itaque natus eum fugiat, minima iure a laboriosam recusandae officia totam modi quia exercitationem eum, nisi asperiores quod, libero mollitia eius sequi fugiat inventore quam fugit quisquam repellendus neque a, ipsam voluptatibus doloribus laboriosam quod modi amet voluptatum quae accusamus necessitatibus neque? Vero adipisci id veniam necessitatibus consequuntur error dolor, neque hic voluptatibus eos dolores libero ipsam id repellendus placeat, excepturi recusandae accusantium doloremque earum illum blanditiis dolor tempora rem reprehenderit. Magnam sit commodi voluptatem quis sunt saepe beatae, necessitatibus blanditiis eum quos unde est iure ipsa obcaecati sint vel ducimus, mollitia vitae facere quas provident ea? Assumenda eius soluta fugiat quia similique eos sunt tempore nobis quasi ipsa, atque aliquam similique, ratione explicabo ad, sapiente explicabo placeat exercitationem repellendus, architecto facere aperiam ex dolores hic unde. Cupiditate magnam officiis nesciunt nihil, laudantium ex labore doloremque perferendis. Optio modi ullam dolorum quod iusto iste, architecto est laboriosam amet quisquam inventore, architecto consequatur aliquam reprehenderit, vitae suscipit corporis enim perferendis accusantium magni excepturi, dolores similique dolorem ipsum officiis? Amet optio voluptatem at dolorem cum rerum accusantium vitae dolorum itaque, nostrum distinctio vero temporibus placeat laboriosam nemo nam quidem, quo sunt similique culpa ipsum accusantium. Eos consequatur aliquam enim mollitia accusamus commodi, necessitatibus dicta eaque vel eum quis praesentium molestiae fugiat accusantium quisquam aut, sunt aspernatur corrupti, deleniti dolores repellat nulla saepe modi, itaque architecto minus? Repudiandae quod quibusdam delectus distinctio, magni numquam quaerat nulla minus repellat, perferendis fugiat facere in rem dolorem similique tenetur ad omnis sit. Nostrum placeat aut doloremque nisi reiciendis sed odit voluptas eligendi autem minus, omnis doloremque inventore, nam quo ut eaque doloremque ullam iste, ipsa quo odio quidem provident consequatur repellendus tenetur iure eaque sit. Minima omnis reprehenderit itaque dolor vero neque nisi nemo nobis eius, numquam repellendus accusantium laudantium temporibus sunt sequi voluptas unde, rem in reiciendis perferendis facilis modi, asperiores magnam perferendis dicta maxime doloribus animi odio perspiciatis modi eos. Eveniet accusantium dolores natus, blanditiis nobis ad impedit, eos quibusdam cupiditate at, quo cumque error beatae nulla placeat dolorem. Sequi asperiores velit quas eligendi ea ad nesciunt, tempora amet molestias quo dolores placeat totam rem sed, cumque eveniet obcaecati voluptatibus possimus error temporibus quibusdam consequuntur. Fuga ducimus laudantium unde quidem, quis reprehenderit sequi amet. Temporibus vitae blanditiis voluptatum, incidunt ipsam iste unde natus veniam neque consequuntur animi, consequuntur id quam enim unde praesentium neque atque recusandae ipsum quibusdam? Earum magnam non illo explicabo, quaerat aperiam nam aliquam necessitatibus a laborum, similique quis veniam veritatis ipsa accusantium nesciunt est sunt dolorum explicabo necessitatibus, ipsam velit voluptate, eveniet neque repellendus nobis necessitatibus facere magnam. Quasi quisquam eum sequi voluptas quaerat explicabo quam distinctio itaque delectus, unde eveniet ipsam rem perferendis ad accusantium nesciunt vel necessitatibus, sit fugit facilis in iure, hic corporis eius et minima asperiores maiores voluptatum sapiente distinctio? Harum quibusdam ad suscipit sed rem ex aperiam architecto magni, dolorum dolor voluptates magni cumque iste, ut illo qui minus vitae architecto animi libero nulla omnis voluptatum error, magnam expedita at
                                        ",728,5520,0,1769863944564,lorem_ipsum_dataset,always_device,once-per-sec,onnx-community/Llama-3.2-1B-Instruct-ONNX,meta-llama/llama-3.2-1b-instruct
14,device,19955.90,120160.00,100204.00,19956.00,0,"voluptas","satis",1769860355236,1769860455440,1769860475396,"Task: Determine the last word of the provided text and return it.
                                        Instructions: Answer with ONLY the last word. Do not provide any explanation or additional text.
                                        Text: Lorem ipsum dolor sit amet, consectetur adipisicing elit, sed do eiusmod tempor incididunt ut labore et dolore magna aliqua. Ut enim ad minim veniam, quis nostrud exercitation ullamco laboris nisi ut aliquip ex ea commodo consequat. Duis aute irure dolor in reprehenderit in voluptate velit esse cillum dolore eu fugiat nulla pariatur. Excepteur sint occaecat cupidatat non proident, sunt in culpa qui officia deserunt mollit anim id est laborum. Impedit iure voluptate repellendus, at vitae illum voluptatibus libero maxime nostrum? Mollitia ipsum necessitatibus voluptates consequatur aperiam eaque tempora soluta atque dolores voluptatibus, necessitatibus vel animi corporis eaque explicabo sed nobis nihil perferendis exercitationem, asperiores quasi harum, impedit cumque quos, vel atque mollitia vero? Voluptas quibusdam ab dolorum quidem qui sequi tempora aliquid, recusandae rerum ipsum neque, qui nesciunt amet eaque molestiae, quasi aliquid dolore earum. Laudantium ipsum ab consequatur iure autem at esse amet quia nesciunt, nisi temporibus unde possimus aperiam, placeat deserunt eaque adipisci laboriosam illum ipsum sunt perspiciatis numquam itaque? Quos deleniti voluptatem nulla porro quas at a velit dolore, mollitia eos sit excepturi nam esse labore magni, deserunt quasi consequuntur repudiandae officia eum unde dolor nesciunt, cupiditate dolorem vitae voluptate porro at fuga blanditiis quia? Eius soluta esse est accusamus recusandae reprehenderit itaque natus eum fugiat, minima iure a laboriosam recusandae officia totam modi quia exercitationem eum, nisi asperiores quod, libero mollitia eius sequi fugiat inventore quam fugit quisquam repellendus neque a, ipsam voluptatibus doloribus laboriosam quod modi amet voluptatum quae accusamus necessitatibus neque? Vero adipisci id veniam necessitatibus consequuntur error dolor, neque hic voluptatibus eos dolores libero ipsam id repellendus placeat, excepturi recusandae accusantium doloremque earum illum blanditiis dolor tempora rem reprehenderit. Magnam sit commodi voluptatem quis sunt saepe beatae, necessitatibus blanditiis eum quos unde est iure ipsa obcaecati sint vel ducimus, mollitia vitae facere quas provident ea? Assumenda eius soluta fugiat quia similique eos sunt tempore nobis quasi ipsa, atque aliquam similique, ratione explicabo ad, sapiente explicabo placeat exercitationem repellendus, architecto facere aperiam ex dolores hic unde. Cupiditate magnam officiis nesciunt nihil, laudantium ex labore doloremque perferendis. Optio modi ullam dolorum quod iusto iste, architecto est laboriosam amet quisquam inventore, architecto consequatur aliquam reprehenderit, vitae suscipit corporis enim perferendis accusantium magni excepturi, dolores similique dolorem ipsum officiis? Amet optio voluptatem at dolorem cum rerum accusantium vitae dolorum itaque, nostrum distinctio vero temporibus placeat laboriosam nemo nam quidem, quo sunt similique culpa ipsum accusantium. Eos consequatur aliquam enim mollitia accusamus commodi, necessitatibus dicta eaque vel eum quis praesentium molestiae fugiat accusantium quisquam aut, sunt aspernatur corrupti, deleniti dolores repellat nulla saepe modi, itaque architecto minus? Repudiandae quod quibusdam delectus distinctio, magni numquam quaerat nulla minus repellat, perferendis fugiat facere in rem dolorem similique tenetur ad omnis sit. Nostrum placeat aut doloremque nisi reiciendis sed odit voluptas eligendi autem minus, omnis doloremque inventore, nam quo ut eaque doloremque ullam iste, ipsa quo odio quidem provident consequatur repellendus tenetur iure eaque sit. Minima omnis reprehenderit itaque dolor vero neque nisi nemo nobis eius, numquam repellendus accusantium laudantium temporibus sunt sequi voluptas unde, rem in reiciendis perferendis facilis modi, asperiores magnam perferendis dicta maxime doloribus animi odio perspiciatis modi eos. Eveniet accusantium dolores natus, blanditiis nobis ad impedit, eos quibusdam cupiditate at, quo cumque error beatae nulla placeat dolorem. Sequi asperiores velit quas eligendi ea ad nesciunt, tempora amet molestias quo dolores placeat totam rem sed, cumque eveniet obcaecati voluptatibus possimus error temporibus quibusdam consequuntur. Fuga ducimus laudantium unde quidem, quis reprehenderit sequi amet. Temporibus vitae blanditiis voluptatum, incidunt ipsam iste unde natus veniam neque consequuntur animi, consequuntur id quam enim unde praesentium neque atque recusandae ipsum quibusdam? Earum magnam non illo explicabo, quaerat aperiam nam aliquam necessitatibus a laborum, similique quis veniam veritatis ipsa accusantium nesciunt est sunt dolorum explicabo necessitatibus, ipsam velit voluptate, eveniet neque repellendus nobis necessitatibus facere magnam. Quasi quisquam eum sequi voluptas quaerat explicabo quam distinctio itaque delectus, unde eveniet ipsam rem perferendis ad accusantium nesciunt vel necessitatibus, sit fugit facilis in iure, hic corporis eius et minima asperiores maiores voluptatum sapiente distinctio? Harum quibusdam ad suscipit sed rem ex aperiam architecto magni, dolorum dolor voluptates magni cumque iste, ut illo qui minus vitae architecto animi libero nulla omnis voluptatum error, magnam expedita at nulla, animi itaque asperiores deleniti iure perferendis nostrum accusantium provident quia ratione. Mollitia earum assumenda rerum id, facilis veniam est aliquam iste ipsum adipisci, quo reprehenderit distinctio incidunt architecto, illum voluptate eligendi eum similique quaerat pariatur ad, natus dignissimos maxime repellendus accusamus. Eius aliquam quod optio maxime itaque possimus voluptas
                                        ",778,5918,0,1769863944564,lorem_ipsum_dataset,always_device,once-per-sec,onnx-community/Llama-3.2-1B-Instruct-ONNX,meta-llama/llama-3.2-1b-instruct
15,device,22207.30,141376.00,119169.00,22207.00,0,"similique","sit",1769860356240,1769860475409,1769860497616,"Task: Determine the last word of the provided text and return it.
                                        Instructions: Answer with ONLY the last word. Do not provide any explanation or additional text.
                                        Text: Lorem ipsum dolor sit amet, consectetur adipisicing elit, sed do eiusmod tempor incididunt ut labore et dolore magna aliqua. Ut enim ad minim veniam, quis nostrud exercitation ullamco laboris nisi ut aliquip ex ea commodo consequat. Duis aute irure dolor in reprehenderit in voluptate velit esse cillum dolore eu fugiat nulla pariatur. Excepteur sint occaecat cupidatat non proident, sunt in culpa qui officia deserunt mollit anim id est laborum. Impedit iure voluptate repellendus, at vitae illum voluptatibus libero maxime nostrum? Mollitia ipsum necessitatibus voluptates consequatur aperiam eaque tempora soluta atque dolores voluptatibus, necessitatibus vel animi corporis eaque explicabo sed nobis nihil perferendis exercitationem, asperiores quasi harum, impedit cumque quos, vel atque mollitia vero? Voluptas quibusdam ab dolorum quidem qui sequi tempora aliquid, recusandae rerum ipsum neque, qui nesciunt amet eaque molestiae, quasi aliquid dolore earum. Laudantium ipsum ab consequatur iure autem at esse amet quia nesciunt, nisi temporibus unde possimus aperiam, placeat deserunt eaque adipisci laboriosam illum ipsum sunt perspiciatis numquam itaque? Quos deleniti voluptatem nulla porro quas at a velit dolore, mollitia eos sit excepturi nam esse labore magni, deserunt quasi consequuntur repudiandae officia eum unde dolor nesciunt, cupiditate dolorem vitae voluptate porro at fuga blanditiis quia? Eius soluta esse est accusamus recusandae reprehenderit itaque natus eum fugiat, minima iure a laboriosam recusandae officia totam modi quia exercitationem eum, nisi asperiores quod, libero mollitia eius sequi fugiat inventore quam fugit quisquam repellendus neque a, ipsam voluptatibus doloribus laboriosam quod modi amet voluptatum quae accusamus necessitatibus neque? Vero adipisci id veniam necessitatibus consequuntur error dolor, neque hic voluptatibus eos dolores libero ipsam id repellendus placeat, excepturi recusandae accusantium doloremque earum illum blanditiis dolor tempora rem reprehenderit. Magnam sit commodi voluptatem quis sunt saepe beatae, necessitatibus blanditiis eum quos unde est iure ipsa obcaecati sint vel ducimus, mollitia vitae facere quas provident ea? Assumenda eius soluta fugiat quia similique eos sunt tempore nobis quasi ipsa, atque aliquam similique, ratione explicabo ad, sapiente explicabo placeat exercitationem repellendus, architecto facere aperiam ex dolores hic unde. Cupiditate magnam officiis nesciunt nihil, laudantium ex labore doloremque perferendis. Optio modi ullam dolorum quod iusto iste, architecto est laboriosam amet quisquam inventore, architecto consequatur aliquam reprehenderit, vitae suscipit corporis enim perferendis accusantium magni excepturi, dolores similique dolorem ipsum officiis? Amet optio voluptatem at dolorem cum rerum accusantium vitae dolorum itaque, nostrum distinctio vero temporibus placeat laboriosam nemo nam quidem, quo sunt similique culpa ipsum accusantium. Eos consequatur aliquam enim mollitia accusamus commodi, necessitatibus dicta eaque vel eum quis praesentium molestiae fugiat accusantium quisquam aut, sunt aspernatur corrupti, deleniti dolores repellat nulla saepe modi, itaque architecto minus? Repudiandae quod quibusdam delectus distinctio, magni numquam quaerat nulla minus repellat, perferendis fugiat facere in rem dolorem similique tenetur ad omnis sit. Nostrum placeat aut doloremque nisi reiciendis sed odit voluptas eligendi autem minus, omnis doloremque inventore, nam quo ut eaque doloremque ullam iste, ipsa quo odio quidem provident consequatur repellendus tenetur iure eaque sit. Minima omnis reprehenderit itaque dolor vero neque nisi nemo nobis eius, numquam repellendus accusantium laudantium temporibus sunt sequi voluptas unde, rem in reiciendis perferendis facilis modi, asperiores magnam perferendis dicta maxime doloribus animi odio perspiciatis modi eos. Eveniet accusantium dolores natus, blanditiis nobis ad impedit, eos quibusdam cupiditate at, quo cumque error beatae nulla placeat dolorem. Sequi asperiores velit quas eligendi ea ad nesciunt, tempora amet molestias quo dolores placeat totam rem sed, cumque eveniet obcaecati voluptatibus possimus error temporibus quibusdam consequuntur. Fuga ducimus laudantium unde quidem, quis reprehenderit sequi amet. Temporibus vitae blanditiis voluptatum, incidunt ipsam iste unde natus veniam neque consequuntur animi, consequuntur id quam enim unde praesentium neque atque recusandae ipsum quibusdam? Earum magnam non illo explicabo, quaerat aperiam nam aliquam necessitatibus a laborum, similique quis veniam veritatis ipsa accusantium nesciunt est sunt dolorum explicabo necessitatibus, ipsam velit voluptate, eveniet neque repellendus nobis necessitatibus facere magnam. Quasi quisquam eum sequi voluptas quaerat explicabo quam distinctio itaque delectus, unde eveniet ipsam rem perferendis ad accusantium nesciunt vel necessitatibus, sit fugit facilis in iure, hic corporis eius et minima asperiores maiores voluptatum sapiente distinctio? Harum quibusdam ad suscipit sed rem ex aperiam architecto magni, dolorum dolor voluptates magni cumque iste, ut illo qui minus vitae architecto animi libero nulla omnis voluptatum error, magnam expedita at nulla, animi itaque asperiores deleniti iure perferendis nostrum accusantium provident quia ratione. Mollitia earum assumenda rerum id, facilis veniam est aliquam iste ipsum adipisci, quo reprehenderit distinctio incidunt architecto, illum voluptate eligendi eum similique quaerat pariatur ad, natus dignissimos maxime repellendus accusamus. Eius aliquam quod optio maxime itaque possimus voluptas debitis, eum totam accusamus vitae? Commodi quod delectus dolorum molestias aspernatur, nesciunt doloribus perspiciatis odit magnam explicabo laudantium animi ad error possimus, minus blanditiis voluptatum hic molestiae nesciunt qui rerum autem, magnam minus laborum quis repellendus nihil tempora qui, blanditiis placeat natus asperiores? Quibusdam minus saepe corrupti unde et, similique
                                        ",828,6308,0,1769863944564,lorem_ipsum_dataset,always_device,once-per-sec,onnx-community/Llama-3.2-1B-Instruct-ONNX,meta-llama/llama-3.2-1b-instruct
16,device,25212.30,165595.00,140383.00,25212.00,0,"libero","sit",1769860357246,1769860497629,1769860522841,"Task: Determine the last word of the provided text and return it.
                                        Instructions: Answer with ONLY the last word. Do not provide any explanation or additional text.
                                        Text: Lorem ipsum dolor sit amet, consectetur adipisicing elit, sed do eiusmod tempor incididunt ut labore et dolore magna aliqua. Ut enim ad minim veniam, quis nostrud exercitation ullamco laboris nisi ut aliquip ex ea commodo consequat. Duis aute irure dolor in reprehenderit in voluptate velit esse cillum dolore eu fugiat nulla pariatur. Excepteur sint occaecat cupidatat non proident, sunt in culpa qui officia deserunt mollit anim id est laborum. Impedit iure voluptate repellendus, at vitae illum voluptatibus libero maxime nostrum? Mollitia ipsum necessitatibus voluptates consequatur aperiam eaque tempora soluta atque dolores voluptatibus, necessitatibus vel animi corporis eaque explicabo sed nobis nihil perferendis exercitationem, asperiores quasi harum, impedit cumque quos, vel atque mollitia vero? Voluptas quibusdam ab dolorum quidem qui sequi tempora aliquid, recusandae rerum ipsum neque, qui nesciunt amet eaque molestiae, quasi aliquid dolore earum. Laudantium ipsum ab consequatur iure autem at esse amet quia nesciunt, nisi temporibus unde possimus aperiam, placeat deserunt eaque adipisci laboriosam illum ipsum sunt perspiciatis numquam itaque? Quos deleniti voluptatem nulla porro quas at a velit dolore, mollitia eos sit excepturi nam esse labore magni, deserunt quasi consequuntur repudiandae officia eum unde dolor nesciunt, cupiditate dolorem vitae voluptate porro at fuga blanditiis quia? Eius soluta esse est accusamus recusandae reprehenderit itaque natus eum fugiat, minima iure a laboriosam recusandae officia totam modi quia exercitationem eum, nisi asperiores quod, libero mollitia eius sequi fugiat inventore quam fugit quisquam repellendus neque a, ipsam voluptatibus doloribus laboriosam quod modi amet voluptatum quae accusamus necessitatibus neque? Vero adipisci id veniam necessitatibus consequuntur error dolor, neque hic voluptatibus eos dolores libero ipsam id repellendus placeat, excepturi recusandae accusantium doloremque earum illum blanditiis dolor tempora rem reprehenderit. Magnam sit commodi voluptatem quis sunt saepe beatae, necessitatibus blanditiis eum quos unde est iure ipsa obcaecati sint vel ducimus, mollitia vitae facere quas provident ea? Assumenda eius soluta fugiat quia similique eos sunt tempore nobis quasi ipsa, atque aliquam similique, ratione explicabo ad, sapiente explicabo placeat exercitationem repellendus, architecto facere aperiam ex dolores hic unde. Cupiditate magnam officiis nesciunt nihil, laudantium ex labore doloremque perferendis. Optio modi ullam dolorum quod iusto iste, architecto est laboriosam amet quisquam inventore, architecto consequatur aliquam reprehenderit, vitae suscipit corporis enim perferendis accusantium magni excepturi, dolores similique dolorem ipsum officiis? Amet optio voluptatem at dolorem cum rerum accusantium vitae dolorum itaque, nostrum distinctio vero temporibus placeat laboriosam nemo nam quidem, quo sunt similique culpa ipsum accusantium. Eos consequatur aliquam enim mollitia accusamus commodi, necessitatibus dicta eaque vel eum quis praesentium molestiae fugiat accusantium quisquam aut, sunt aspernatur corrupti, deleniti dolores repellat nulla saepe modi, itaque architecto minus? Repudiandae quod quibusdam delectus distinctio, magni numquam quaerat nulla minus repellat, perferendis fugiat facere in rem dolorem similique tenetur ad omnis sit. Nostrum placeat aut doloremque nisi reiciendis sed odit voluptas eligendi autem minus, omnis doloremque inventore, nam quo ut eaque doloremque ullam iste, ipsa quo odio quidem provident consequatur repellendus tenetur iure eaque sit. Minima omnis reprehenderit itaque dolor vero neque nisi nemo nobis eius, numquam repellendus accusantium laudantium temporibus sunt sequi voluptas unde, rem in reiciendis perferendis facilis modi, asperiores magnam perferendis dicta maxime doloribus animi odio perspiciatis modi eos. Eveniet accusantium dolores natus, blanditiis nobis ad impedit, eos quibusdam cupiditate at, quo cumque error beatae nulla placeat dolorem. Sequi asperiores velit quas eligendi ea ad nesciunt, tempora amet molestias quo dolores placeat totam rem sed, cumque eveniet obcaecati voluptatibus possimus error temporibus quibusdam consequuntur. Fuga ducimus laudantium unde quidem, quis reprehenderit sequi amet. Temporibus vitae blanditiis voluptatum, incidunt ipsam iste unde natus veniam neque consequuntur animi, consequuntur id quam enim unde praesentium neque atque recusandae ipsum quibusdam? Earum magnam non illo explicabo, quaerat aperiam nam aliquam necessitatibus a laborum, similique quis veniam veritatis ipsa accusantium nesciunt est sunt dolorum explicabo necessitatibus, ipsam velit voluptate, eveniet neque repellendus nobis necessitatibus facere magnam. Quasi quisquam eum sequi voluptas quaerat explicabo quam distinctio itaque delectus, unde eveniet ipsam rem perferendis ad accusantium nesciunt vel necessitatibus, sit fugit facilis in iure, hic corporis eius et minima asperiores maiores voluptatum sapiente distinctio? Harum quibusdam ad suscipit sed rem ex aperiam architecto magni, dolorum dolor voluptates magni cumque iste, ut illo qui minus vitae architecto animi libero nulla omnis voluptatum error, magnam expedita at nulla, animi itaque asperiores deleniti iure perferendis nostrum accusantium provident quia ratione. Mollitia earum assumenda rerum id, facilis veniam est aliquam iste ipsum adipisci, quo reprehenderit distinctio incidunt architecto, illum voluptate eligendi eum similique quaerat pariatur ad, natus dignissimos maxime repellendus accusamus. Eius aliquam quod optio maxime itaque possimus voluptas debitis, eum totam accusamus vitae? Commodi quod delectus dolorum molestias aspernatur, nesciunt doloribus perspiciatis odit magnam explicabo laudantium animi ad error possimus, minus blanditiis voluptatum hic molestiae nesciunt qui rerum autem, magnam minus laborum quis repellendus nihil tempora qui, blanditiis placeat natus asperiores? Quibusdam minus saepe corrupti unde et, similique ut nobis corporis nemo eum excepturi dicta necessitatibus vero eaque, aspernatur officia nisi, enim soluta sed commodi explicabo alias? Praesentium cum vero dolores, adipisci nulla error aut tenetur, pariatur qui repudiandae eos voluptas corrupti cum sunt et velit ratione consequuntur? Obcaecati in quo quaerat enim atque, sit natus nulla libero
                                        ",878,6655,0,1769863944564,lorem_ipsum_dataset,always_device,once-per-sec,onnx-community/Llama-3.2-1B-Instruct-ONNX,meta-llama/llama-3.2-1b-instruct